desktop,Name[zh_TW],GenericName[zh_TW],Comment[zh_TW],Categories
#ezgomenu start,,,,
#辦公,,,,
openoffice.org-writer.desktop,文書處理_Writer,類似 Microsoft Word 的文書處理軟體，特別的是可以跨平台使用，並且符合 ODF 國際標準格式,文書處理_Writer,Office;
openoffice.org-calc.desktop,試算表_Calc,類似 Microsoft Excel 的試算表軟體，特別的是可以跨平台使用，並且符合 ODF 國際標準格式,試算表_Calc,Office;
openoffice.org-impress.desktop,簡報_Impress,類似 Microsoft PowerPoint 的簡報軟體，特別的是可以跨平台使用，並且符合 ODF 國際標準格式,簡報_Impress,Office;
openoffice.org-draw.desktop,繪圖_Draw,利用 Office 軟體的使用思維即可輕鬆的繪製向量圖,繪圖_Draw,Office;
openoffice.org-base.desktop,資料庫_Base,類似 Microsoft Access 的資料庫軟體，特別的是可以跨平台使用，並且符合 ODF 國際標準格式,資料庫_Base,Office;
libreoffice-writer.desktop,文書處理_Writer,類似 Microsoft Word 的文書處理軟體，特別的是可以跨平台使用，並且符合 ODF 國際標準格式,文書處理_Writer,Office;
libreoffice-calc.desktop,試算表_Calc,類似 Microsoft Excel 的試算表軟體，特別的是可以跨平台使用，並且符合 ODF 國際標準格式,試算表_Calc,Office;
libreoffice-impress.desktop,簡報_Impress,類似 Microsoft PowerPoint 的簡報軟體，特別的是可以跨平台使用，並且符合 ODF 國際標準格式,簡報_Impress,Office;
libreoffice-draw.desktop,繪圖_Draw,利用 Office 軟體的使用思維即可輕鬆的繪製向量圖,繪圖_Draw,Office;
libreoffice-base.desktop,資料庫_Base,類似 Microsoft Access 的資料庫軟體，特別的是可以跨平台使用，並且符合 ODF 國際標準格式,資料庫_Base,Office;
libreoffice-startcenter.desktop,整合應用_LibreOffice,LibreOffice 的入口,整合應用_LibreOffice,Office;
scribus.desktop,排版軟體_Scribus,適合用於雜誌，報紙等印刷品編輯設計的出版軟體,排版軟體_Scribus,Office;
dia-common.desktop,辧公室製圖_Dia,Dia 提供模組化的設計工具來製圖，如流程圖、網路圖、電路圖等，都可以利用 Dia 輕鬆繪製,辧公室製圖_Dia,Office;
dia.desktop,圖表繪製_Dia,Dia 提供模組化的設計工具來製圖，如流程圖、網路圖、電路圖等，都可以利用 Dia 輕鬆繪製,圖表繪製_Dia,Office;
pencil.desktop,圖表繪製_Pencil,圖表繪製軟體,圖表繪製_Pencil,Office;
freeplane.desktop,心智圖_FreePlane,可輕鬆繪製心智圖的工具軟體,心智圖_FreePlane,Office;
xmind.desktop,心智圖_XMind,可輕鬆繪製心智圖、組織圖、魚骨圖的工具軟體,心智圖_XMind,Office;
freemind.desktop,心智圖_FreeMind,可輕鬆繪製心智圖、組織圖的工具軟體,心智圖_FreeMind,Office;
planner.desktop,專案管理_Planner,Planner 擁有大多數專案管理工具都有的功能，像是甘特圖。除此之外，Planner 還有其他獨特的功能，像是儲存為XML檔,專案管理_Planner,Office;
GanttProject.desktop,專案管理_GanttProject,GanttProject 是一套跨平台的專案管理工具，可用於專案規劃與管理,專案管理_GanttProject,Office;
calibre.desktop,電子書_Calibre,電子書閱讀軟體,電子書_Calibre,Office;
calibre-gui.desktop,電子書_Calibre-gui,Calibre 是一套功能算齊全的電子書管理工具，支援多種文件格式，它除了提供電子書閱讀的功能以外，還有管理、轉換及同步等功能。,電子書_Calibre-gui,Office;
calibre-ebook-viewer.desktop,電子書_E-book Viewer,提供電子書閱讀的功能,電子書_E-book Viewer,Office;
calibre-lrfviewer.desktop,電子書_LRF Viewer,提供電子書閱讀的功能,電子書_LRF Viewer,Office;
lrfviewer.desktop,電子書_LRF Viewer,提供電子書閱讀的功能,電子書_LRF Viewer,Office;
okular.desktop,PDF瀏覽_Okular,多功能文件檢視器,PDF瀏覽_Okular,Office;
AdobeReader.desktop,PDF瀏覽_AdobeReader,Adobe 原廠的 PDF 瀏覽器,PDF瀏覽_AdobeReader,Office;
pdfedit.desktop,PDF編輯_PDF Editor,可直接編輯 PDF 檔中的文字及內容，並且可再另存新檔,PDF編輯_PDF Editor,Office;
pdfshuffler.desktop,PDF編輯_Shuffler,可輕易做到 PDF 格式合併，重新排列，分割，旋轉和裁剪,PDF編輯_Shuffler,Office;
xournal.desktop,PDF手繪筆記_Xournal,可在匯入 PDF 檔案後，在上面任意手寫、打字、畫彩色圖形線段、以及以螢光筆作記號,PDF手繪筆記_Xournal,Office;
impressive-editor.desktop,PDF簡報播放_Impressive,可以將 PDF 檔案當成簡報一樣播放的PDF簡報播放軟體,PDF簡報播放_Impressive,Office;
kaddressbook.desktop,通訊錄_KAddressbook,KDE 上的通訊錄程式,通訊錄_KAddressbook,Office;
gnucash.desktop,金融管理_GnuCash,一套複式簿記系統的記帳軟體，基本上的概念和會計相同,金融管理_GnuCash,Office;
sigil.desktop,電子書編輯_Sigil,一套可見即所得的電子書編輯軟體,電子書編輯_Sigil,Office;
qtqr.desktop,QR Code產生器_QtQR,QR Code 的產生器,QR Code產生器_QtQR,Office;
#美工,,,,
krita.desktop,筆刷繪圖_Krita,類似 OpenOffice Draw，功能強大的繪圖軟體,筆刷繪圖_Krita,Graphics;
kamoso.desktop,影像擷取_Kamoso,從您的網路攝影機中擷取圖片,影像擷取_Kamoso,Graphics;
display.im6.desktop,影像編輯_ImageMagick,影像編輯軟體,影像編輯_ImageMagick,Graphics;
skanlite.desktop,影像掃描_Skanlite,KDE 上的影像掃描軟體,影像掃描_Skanlite,Graphics;
gpaint.desktop,小畫家_GNU Paint,類似小畫家的繪圖軟體,小畫家_GNU Paint,Graphics;
kolourpaint.desktop,小畫家_KolourPaint,類似小畫家的繪圖軟體,小畫家_KolourPaint,Graphics;
tuxpaint.desktop,企鵝小畫家_TuxPaint,適合小朋友發揮創意，任意塗鴉的繪圖軟體,企鵝小畫家_TuxPaint,Graphics;
mypaint.desktop,筆刷繪圖_My Paint,內建四百種超炫筆刷的繪圖軟體,筆刷繪圖_My Paint,Graphics;
inkscape.desktop,向量繪圖_Inkscape,可建立 svg 向量圖檔的繪圖軟體，功能和界面類似 CorelDRAW,向量繪圖_Inkscape,Graphics;
gimp.desktop,影像處理_GIMP,具圖層應用功能的影像編輯和點陣繪圖軟體，功能和界面類似 Photoshop,影像處理_GIMP,Graphics;
jkiwi.desktop,髮型彩粧_jKiwi,jKiwi 可以讓你輕鬆的對人像照片進行髮型與彩粧模擬設計,髮型彩粧_jKiwi,Graphics;
digikam.desktop,相片管理_digiKam,專業的數位相片和圖片管理軟體,相片管理_digiKam,Graphics;
gwenview.desktop,相片瀏覽_Gwenview,簡易的數位相片和圖片瀏覽軟體,相片瀏覽_Gwenview,Graphics;
f-spot.desktop,相片管理_F-Spot,F-Spot 可以讓你輕鬆的組織及分享你的相片,相片管理_F-Spot,Graphics;
gthumb.desktop,圖片管理_gThumb,簡易的數位相片和圖片管理軟體,圖片管理_gThumb,Graphics;
fotowall.desktop,多圖合併_Fotowall,Fotowall 可以讓你輕鬆的將多張圖片進行各種套用與設計,多圖合併_Fotowall,Graphics;
expoblending.desktop,曝光混合_Expo blending,將曝光影像進行混合,曝光混合_Expo blending,Graphics;
photolayoutseditor.desktop,相片佈局_Photo layouts editor,建立美觀與專業的相片佈局,相片佈局_Photo layouts editor,Graphics;
panoramagui.desktop,全景圖_Panoram,簡單易用的全景圖製作軟體,全景圖_Panoram,Graphics;
hugin.desktop,全景圖_Hugin panorama creator,全景圖合併與編輯軟體，可以將多張照片合併成全景圖及進行美編,全景圖_Hugin panorama creator,Graphics;
PTBatcherGUI.desktop,全景圖_Hugin Batch Processor,全景圖批次處理工具，可以輕易的將多張照片合併成全景圖,全景圖_Hugin Batch Processor,Graphics;
calibrate_lens_gui.desktop,全景圖_Calibrate,全景圖合併與編輯軟體，可以將多張照片合併成全景圖及進行美編,全景圖_Calibrate,Graphics;
ktoon.desktop,2D動畫_KToon,能讓您使用點陣圖創造傳統的動畫,2D動畫_KToon,Graphics;
blender.desktop,3D動畫_Blender,3D 模型建置與動畫設計軟體，媲美時下商業版的 3D 動畫軟體,3D動畫_Blender,Graphics;
sweethome3d.desktop,室內設計_SweetHome3D,室內設計用的3D 模型軟體，不僅專業設計人員可以使用，對一般人而言也是一個極易上手的室內設計工具,室內設計_SweetHome3D,Graphics;
kruler.desktop,螢幕尺規_KRuler,可以直接在螢幕上丈量的螢幕尺規,螢幕尺規_KRuler,Graphics;
scangui.desktop,影像掃描_Scan GUI,使用平台式掃描器擷取影像的工具,影像掃描_Scan GUI,Graphics;
ksnapshot.desktop,影像擷取_KSnapshot,多功能的影像擷取工具，可直接按鍵盤上的〔Print Screen〕鍵執行此功能,影像擷取_KSnapshot,Graphics;
kcolorchooser.desktop,顏色選擇_KColorChooser,用來點選螢幕上的顏色,顏色選擇_KColorChooser,Graphics;
dngconverter.desktop,RAW批次轉檔_dngconverter,批次將 RAW 檔案轉成 DNG 檔案的軟體,RAW批次轉檔_dngconverter,Graphics;
freecad.desktop,3D製圖_FreeCAD,電腦輔助設計軟體,3D製圖_FreeCAD,Graphics;
fritzing.desktop,電路設計_Fritzing,是一套設計PCB (Printed Circuit Board) 印刷電路板的軟體，是特別給設計師、藝術家、研究者以及業餘玩家使用的工具,電路設計_Fritzing,Graphics;
shutter.desktop,影像擷取_Shutter,可截取網頁和編輯截取圖片的軟體,影像擷取_Shutter,Graphics;
#影音,,,,
qstopmotion.desktop,影片動畫_qStopMotion,影片動畫製作軟體,影片動畫_qStopMotion,AudioVideo;
avidemux2.6-qt.desktop,影片編輯_Avidemux(Qt),影片編輯程式,影片編輯_Avidemux(Qt),AudioVideo;
avidemux2.6-jobs.desktop,影片編輯_Avidemux(Jobs),影片編輯程式,影片編輯_Avidemux(Jobs),AudioVideo;
avidemux2.6-gtk.desktop,影片編輯_Avidemux(Gtk),影片編輯程式,影片編輯_Avidemux(Gtk),AudioVideo;
ffDiaporama.desktop,投影片秀_ffDiaporama,投影片、圖片與影片展示軟體,投影片秀_ffDiaporama,AudioVideo;
xbmc.desktop,多媒體中心_XBMC,一套超炫的多媒體播放中心，不論圖片影片皆可播放,多媒體中心_XBMC,AudioVideo;
vlc.desktop,影音播放_VLC,可以用於網路串流及各種多媒體檔案之播放,影音播放_VLC,AudioVideo;
smplayer.desktop,影音播放_SMPlayer,以 MPlayer 為基礎的多媒體播放器，具完整的使用者介面,影音播放_SMPlayer,AudioVideo;
umplayer.desktop,影音播放_UMPlayer,以 MPlayer 為基礎的多媒體播放器，具完整的使用者介面,影音播放_UMPlayer,AudioVideo;
dragonplayer.desktop,影音播放_DragonPlayer,可以用於網路串流及各種多媒體檔案之播放,影音播放_DragonPlayer,AudioVideo;
totem.desktop,影音播放_Totem,可以用於網路串流及各種多媒體檔案之播放,影音播放_Totem,AudioVideo;
xine.desktop,影音播放_xine,影音播放軟體,影音播放_xine,AudioVideo;
Kino.desktop,影片編輯_Kino,簡單易用的影片編輯軟體,影片編輯_Kino,AudioVideo;
pitivi.desktop,影片編輯_Pitivi,簡單易用的影片編輯軟體,影片編輯_Pitivi,AudioVideo;
openshot.desktop,影片編輯_OpenShot,OpenShot 是 Linux 下常用的非線性影片剪輯軟體,影片編輯_OpenShot,AudioVideo;
kdenlive.desktop,影片編輯_Kdenlive,Kdenlive 是 Linux 下非常專業完整的非線性影片編輯軟體,影片編輯_Kdenlive,AudioVideo;
kazam.desktop,桌面錄製_Kazam,一款簡易的桌面畫面錄製工具,桌面錄製_Kazam,AudioVideo;
cheese.desktop,視訊擷取_Cheese,透過 Cheese 可以從網路攝影機擷取相片與影片，並加入有趣的影像特效,視訊擷取_Cheese,AudioVideo;
guvcview.desktop,影像擷取_guvcview,webcam管理程式,影像擷取_guvcview,AudioVideo;
imagination.desktop,投影片秀_Imagination,Imagination 可以將相片或圖片輕易的轉成具豐富轉場效果的多媒體投影片秀 ,投影片秀_Imagination,AudioVideo;
photofilmstrip.desktop,投影片秀_Photo Film Strip,讓你輕鬆製作出圖片跑馬燈及多媒體投影片秀的軟體,投影片秀_Photo Film Strip,AudioVideo;
k3b.desktop,光碟燒錄_K3b,Linux 下常用的光碟燒錄工具 ,光碟燒錄_K3b,AudioVideo;
brasero.desktop,光碟燒錄_Brasero,Linux 下常用的光碟燒錄工具,光碟燒錄_Brasero,AudioVideo;
acidrip.desktop,光碟擷取_AcidRip,AcidRip 可以輕易的將一般的影片轉成 avi 或 mpeg 檔,光碟擷取_AcidRip,AudioVideo;
dvdstyler.desktop,光碟製作_DVDstyler,DVD 光碟及選單製作工具,光碟製作_DVDstyler,AudioVideo;
dvdisaster.desktop,光碟修復_dvdisaster,對於刮傷或老化的光碟，提供了更好的存取與修復效果,光碟修復_dvdisaster,AudioVideo;
audacious.desktop,音樂播放_Audacious,類似 Winamp 的音樂播放器,音樂播放_Audacious,AudioVideo;
amarok.desktop,音樂播放_Amarok,Amarok 一套功能強大的音樂播放與專輯管理軟體,音樂播放_Amarok,AudioVideo;
rhythmbox.desktop,音樂播放_Rhythmbox,播放及管理音樂庫,音樂播放_Rhythmbox,AudioVideo;
audacity.desktop,音樂編輯_Audacity,Audacity 是一套功能相當完整的音訊編輯軟體，具有剪輯、複製、混音等多項音訊編輯功能,音樂編輯_Audacity,AudioVideo;
tuxguitar.desktop,音樂製作_Tuxguitar,可以輸入 Midi 格式及吉他譜檔，並且還可輸出多種音樂格式，以及 PDF 格式的樂譜,音樂製作_Tuxguitar,AudioVideo;
hydrogen.desktop,節奏編曲_Hydrogen,非常容易上手的爵士電子鼓節奏編曲軟體,節奏編曲_Hydrogen,AudioVideo;
mscore.desktop,樂譜編輯_MuseScore,專業的五線譜編輯軟體，可以讓你輕鬆地在軟體內加入音符，並且做即時的結果輸出,樂譜編輯_MuseScore,AudioVideo;
rosegarden.desktop,音樂製作_Rosegarden,功能非常強大的專業級音樂製作軟體,音樂製作_Rosegarden,AudioVideo;
winff.desktop,影音轉檔_Win_FF,多種格式的影音轉檔工具,影音轉檔_Win_FF,AudioVideo;
kmix.desktop,音效調整_KMix,多功能的音效調整工具,音效調整_KMix,AudioVideo;
qjackctl.desktop,音訊控制_QjackCtl,音訊控制與連結服務工具,音訊控制_QjackCtl,AudioVideo;
ardour.desktop,音訊整合_Ardour GTK2,功能全面的數位音訊整合工具,音訊整合_Ardour GTK2,AudioVideo;
gnome-sound-recorder.desktop,聲音錄製_gnome-sound-recorder,簡易的聲音錄製軟體,聲音錄製_gnome-sound-recorder,AudioVideo;
xvidcap.desktop,影音錄製_XVidCap,可將螢幕上的操作畫面及聲音同步錄製,影音錄製_XVidCap,AudioVideo;
sound-juicer.desktop,音樂擷取_sound-juicer,可以從音樂光碟中擷取音樂的小工具,音樂擷取_sound-juicer,AudioVideo;
qdvdauthor.desktop,光碟製作_QDVDAuthor,DVD 光碟及選單製作工具 ,光碟製作_QDVDAuthor,AudioVideo;
devede.desktop,影音轉檔_DeVeDe,能將任何格式的影片轉為 DVD 影片,影音轉檔_DeVeDe,AudioVideo;
oggconvert.desktop,影音轉檔_OggConvert,小巧實用的多媒體影音轉換工具,影音轉檔_OggConvert,AudioVideo;
furiusisomount.desktop,虛擬光碟_Furius ISO Mount,簡單好用的光碟映像檔掛載工具 ,虛擬光碟_Furius ISO Mount,AudioVideo;
#網路,,,,
nixnote.desktop,筆記本_Nixnote,EverNote 的 Linux 客戶端軟體,筆記本_Nixnote,Network;
exe.desktop,網頁設計_eXe,輔助老師們編寫網路課程的軟體,網頁設計_eXe,Network;
quassel.desktop,IRC 通訊_Quassel,KDE 裡的 IRC 客戶端程式,IRC 通訊_Quassel,Network;
firefox.desktop,網頁瀏覽_Firefox,提供更有效率、更安全、更個人化的瀏覽體驗 ,網頁瀏覽_Firefox,Network;
chromium-browser.desktop,網頁瀏覽_Chromium,由 Google 開發的網頁瀏覽器,網頁瀏覽_Chromium,Network;
konqbrowser.desktop,網頁瀏覽_Konqueror,可以當檔案總管以及網頁瀏覽器的軟體,網頁瀏覽_Konqueror,Network;
pcmanx.desktop,BBS連線_PCMan X BBS ,常用的 BBS 連線軟體,BBS連線_PCMan X BBS ,Network;
BlueGriffon-program.desktop,網頁設計_BlueGriffon,讓您可以快速編輯簡單的HTML或動態HTML網頁 ,網頁設計_BlueGriffon,Network;
kompozer.desktop,網頁設計_KompoZer,讓您可以快速編輯簡單的HTML或動態HTML網頁 ,網頁設計_KompoZer,Network;
dropbox.desktop,雲端服務_Dropbox,可以讓你在不同電腦及行動載具間同步檔案進度的雲端軟體,雲端服務_Dropbox,Network;
akregator.desktop,RSS閱讀器_Akregator,方便實用的 RSS 閱讀器,RSS閱讀器_Akregator,Network;
ktorrent.desktop,BT下載_Ktorrent,可透過 BitTorrent 協定來下載和分享檔案 ,BT下載_Ktorrent,Network;
filezilla.desktop,檔案傳輸_FileZilla,Linux 下常用的 FTP 檔案傳輸工具 ,檔案傳輸_FileZilla,Network;
pidgin.desktop,即時通訊_Pidgin,讓您可以透過即時通訊與好友聊天，支援 AIM、Google Talk、Jabber/XMPP、MSN、Yahoo 等,即時通訊_Pidgin,Network;
kopete.desktop,即時通訊_Kopete,即時訊息客戶端程式,即時通訊_Kopete,Network;
emesene.desktop,即時通訊_Emesene,一套適用於 Windows Live Messenge 的即時通訊軟體 ,即時通訊_Emesene,Network;
ekiga.desktop,網路電話_Ekiga,Linux 下常用的網路電話軟體,網路電話_Ekiga,Network;
Kppp.desktop,網路連線_KPPP,數據機和網路撥號程式,網路連線_KPPP,Network;
bluedevil-monolithic.desktop,藍芽連線_BlueDevil,KDE 內建的藍芽傳輸軟體,藍芽連線_BlueDevil,Network;
extras-nitroshare.desktop,連線分享_Nitroshare,跨平台區域網路檔案分享軟體,連線分享_Nitroshare,Network;
remmina.desktop,遠端連線_Remmina,遠端桌面的連線軟體，功能類似 TeamViewer,遠端連線_Remmina,Network;
skype.desktop,免費軟體_Skype,知名的網路語音通話軟體,免費軟體_Skype,Network;
evolution.desktop,郵件管理_Evolution,集合電子郵件，行事曆與工作排程等功能的郵件管理軟體,郵件管理_Evolution,Network;
gftp.desktop,檔案傳輸_gFTP,FTP檔案傳輸軟體 ,檔案傳輸_gFTP,Network;
meiga.desktop,檔案分享_Meiga,透過 Meiga 可以輕易做到類似網路上的芳鄰來分享檔案,檔案分享_Meiga,Network;
pppoeconf.desktop,網路連線_pppoeconf,連線設定工具,網路連線_pppoeconf,Network;
miro.desktop,網路電視_Miro,Miro 是一套內含 Mozilla 瀏覽器及VLC 播放軟體的跨平台影音播放軟體,網路電視_Miro,Network;
iptux.desktop,區域分享_iptux,區域網際網路通訊工具,區域分享_iptux,Network;
wireshark.desktop,分析程式_Wireshark,抓網路封包必備的工具軟體,分析程式_Wireshark,Network;
transmission.desktop,Bt下載_Transmission,可透過 BitTorrent 協定來下載和分享檔案 ,Bt下載_Transmission,Network;
tsclient.desktop,終端伺服器客戶端,遠端連線程式,終端伺服器客戶端,Network;
#,免費軟體_TeamViewer,一個方便好用的遠端電腦連線軟體,免費軟體_TeamViewer,Network;
#遊戲,,,,
picmi.desktop,邏輯遊戲_Picmi,訓練邏輯能力的小遊戲,邏輯遊戲_Picmi,Game;
granatier.desktop,炸彈超人_Granatier,類似炸彈超人的遊戲,炸彈超人_Granatier,Game;
tuxtype.desktop,打字遊戲_Tux Typing,適合小朋友及電腦初學者練習打字的遊戲軟體,打字遊戲_Tux Typing,Game;
tuxmath.desktop,數學遊戲_TuxMath,練習數學加減乘除的遊戲,數學遊戲_TuxMath,Game;
ksudoku.desktop,數獨遊戲_KSudoku,數獨遊戲,數獨遊戲_KSudoku,Game;
gnome-sudoku.desktop,數獨遊戲_gnome-sudoku,透過數字格子題目來訓練邏輯能力的遊戲,數獨遊戲_gnome-sudoku,Game;
pingus.desktop,企鵝歷險_Pingus,拯救題目要求的企鵝數量即可過關，是訓練邏輯思考的遊戲,企鵝歷險_Pingus,Game;
supertux2.desktop,超級企鵝_SuperTux,類似瑪琍歐的闖關遊戲,超級企鵝_SuperTux,Game;
supertuxkart.desktop,賽車遊戲_Supertuxkart,3D賽車遊戲,賽車遊戲_Supertuxkart,Game;
kapman.desktop,小精靈_Kapman,吃掉所有的豆子，並設法逃避小精靈的追捕，你就可以過關囉！,小精靈_Kapman,Game;
KGoldrunner.desktop,闖關遊戲_KGoldrunner ,尋找金塊，躲避敵人，並解謎，就可以成功闖關！,闖關遊戲_KGoldrunner ,Game;
frozen-bubble.desktop,泡泡龍_Frozen-Bubble,射完所有泡泡即可過關，是練習思考及反應力的遊戲,泡泡龍_Frozen-Bubble,Game;
klickety.desktop,棋盤遊戲_Klickety,棋盤遊戲,棋盤遊戲_Klickety,Game;
kdiamond.desktop,寶石方塊_KDiamond ,把三個相同的寶石連成一線即可得分,寶石方塊_KDiamond ,Game;
ksame.desktop,棋盤遊戲_SameGame,棋盤遊戲,棋盤遊戲_SameGame,Game;
kblocks.desktop,俄羅斯方塊_KBlocks,將方塊消除即可得分，是訓練思考及反應力的遊戲,俄羅斯方塊_KBlocks,Game;
palapeli.desktop,拼圖遊戲_Palapeli,拼圖遊戲,拼圖遊戲_Palapeli,Game;
kubrick.desktop,魔術方塊_Kubrick,立體魔術方塊遊戲,魔術方塊_Kubrick,Game;
ksquares.desktop,連線方塊_KSquares,將線連起來組成方塊,連線方塊_KSquares,Game;
knetwalk.desktop,連線大師_KNetWalk,透過不同管線連接的方式傳送電源給電腦的益智小遊戲,連線大師_KNetWalk,Game;
knetwork.desktop,連線大師_knetwork,透過不同管線連接的方式傳送電源給電腦的益智小遊戲,連線大師_knetwork,Game;
klines.desktop,連線遊戲_Kolor Lines,色彩連線益智遊戲,連線遊戲_Kolor Lines,Game;
kmines.desktop,踩地雷_KMines,踩地雷遊戲,踩地雷_KMines,Game;
katomic.desktop,倉庫番_KAtomic,倉庫番式的智力遊戲,倉庫番_KAtomic,Game;
kblackbox.desktop,黑盒子_KBlackBox,黑盒子智力遊戲,黑盒子_KBlackBox,Game;
kbreakout.desktop,打磚塊_KBreakOut,打磚塊遊戲,打磚塊_KBreakOut,Game;
kbounce.desktop,彈力球_KBounce,彈力球遊戲,彈力球_KBounce,Game;
kollision.desktop,躲避球_Kollision,訓練反應的躲避球遊戲,躲避球_Kollision,Game;
kolf.desktop,高爾夫球_Kolf,具有機關及各種打法的高爾夫球，是訓練思考力的運動類遊戲,高爾夫球_Kolf,Game;
kdesnake.desktop,吞食蛇_Ksnake,吞食蛇遊戲,吞食蛇_Ksnake,Game;
ktron.desktop,吞食蛇_KSnakeDuel,進階吞食蛇遊戲,吞食蛇_KSnakeDuel,Game;
kigo.desktop,圍棋_Kigo,圍棋遊戲,圍棋_Kigo,Game;
kreversi.desktop,黑白棋_KReversi,黑白棋棋盤遊戲,黑白棋_KReversi,Game;
kfourinline.desktop,四子棋_KfourInLine,四子棋棋盤遊戲,四子棋_KfourInLine,Game;
kbovo.desktop,五子棋_kbovo,五子棋棋盤遊戲,五子棋_kbovo,Game;
bovo.desktop,五子棋_Bovo,五子棋棋盤遊戲,五子棋_Bovo,Game;
kajongg.desktop,麻將遊戲_Kajongg,傳統四人麻將遊戲,麻將遊戲_Kajongg,Game;
kmahjongg.desktop,麻將遊戲_KMahjongg,訓練記憶配對的上海麻將遊戲,麻將遊戲_KMahjongg,Game;
kshisen.desktop,麻將遊戲_Shisen-Sho,訓練記憶配對的四川省麻將遊戲,麻將遊戲_Shisen-Sho,Game;
kiriki.desktop,骰子遊戲_Kiriki,骰子遊戲,骰子遊戲_Kiriki,Game;
kjumpingcube.desktop,骰子遊戲_KJumpingCube,以骰子為主題的策略遊戲,骰子遊戲_KJumpingCube,Game;
lskat.desktop,紙牌遊戲_LSkat,紙牌遊戲,紙牌遊戲_LSkat,Game;
kpat.desktop,紙牌遊戲_KPatience,單人玩的紙牌遊戲,紙牌遊戲_KPatience,Game;
bomber.desktop,戰鬥機_bomber,戰鬥機遊戲,戰鬥機_bomber,Game;
konquest.desktop,銀河征戰_Konquest,銀河戰略遊戲,銀河征戰_Konquest,Game;
kbattleship.desktop,海上戰爭_kbattleship,擊沉船隻的遊戲,海上戰爭_kbattleship,Game;
kspaceduel.desktop,決戰星空_KSpaceDuel ,以星際戰爭為主題的大型遊戲機遊戲,決戰星空_KSpaceDuel ,Game;
killbots.desktop,征服機器人_Killbots,征服機器人遊戲,征服機器人_Killbots,Game;
ksirk.desktop,征服世界_KsirK,征服世界戰略遊戲,征服世界_KsirK,Game;
ksirkskineditor.desktop,征服世界_KsirK Editor,征服世界戰略遊戲的外觀編輯器,征服世界_KsirK Editor,Game;
gnotski.desktop,華容道_gnotski,透過推箱子到目地的方式來訓練邏輯能力的遊戲,華容道_gnotski,Game;
gnotravex.desktop,數字拼圖_gnotravex,透過簡單拼圖遊戲訓練邏輯思考能力,數字拼圖_gnotravex,Game;
pinball.desktop,彈珠台_Pinball,透過彈珠的彈射來得分，是練習專注力及反應力的遊戲,彈珠台_Pinball,Game;
lbreakout2.desktop,打磚塊_lbreakout2,敲完所有的磚塊即過關，是練習專注力及反應力的遊戲,打磚塊_lbreakout2,Game;
kblocks.desktop,俄羅斯方塊_KBlocks,將方塊消除即可得分，是訓練思考及反應力的遊戲,俄羅斯方塊_KBlocks,Game;
kolf.desktop,高爾夫球_Kolf,具有機關及各種打法的高爾夫球，是訓練思考力的遊戲,高爾夫球_Kolf,Game;
tuxpuck.desktop,桌上冰球_Tuxpuck,類似冰上曲棍球，是訓練反應力的遊戲,桌上冰球_Tuxpuck,Game;
glchess.desktop,國際象棋_glchess,國際象棋，支持多種引擎，並且具有2D、3D外觀支持。,國際象棋_glchess,Game;
mahjongg.desktop,上海麻將_mahjongg,將不斷掉落的各形狀方塊拼合在一起，是訓練思考及觀察力的遊戲,上海麻將_mahjongg,Game;
gnomine.desktop,踩地雷_gnomine,清除方格陣中隱藏的地雷即過關，是訓練邏輯計算力的遊戲,踩地雷_gnomine,Game;
sol.desktop,接龍遊戲_AisleRiot ,不同類型的接龍遊戲，是訓練思考及觀察力的遊戲,接龍遊戲_AisleRiot ,Game;
#教育,,,,
R.desktop,統計_R,一套統計領域相當出名的軟體,統計_R,Education;
rkward.desktop,統計_RKward,R 的 KDE 前端介面,統計_RKward,Education;
gnumeric.desktop,統計_Gnumeric,統計軟體,統計_Gnumeric,Education;
gcompris.desktop,幼教_GCompris,一套適合二到十歲的教育遊戲，內含電腦、數學、語言等類別,幼教_GCompris,Education;
gcompris-edit.desktop,幼教_GCompris Edit,Gcompris 管理器,幼教_GCompris Edit,Education;
ktouch.desktop,打字練習_KTouch,適合小朋友及電腦初學者練習打字的軟體,打字練習_KTouch,Education;
klavaro.desktop,打字練習_Klavaro,適合小朋友及電腦初學者練習打字的軟體,打字練習_Klavaro,Education;
ktuberling.desktop,馬鈴薯小子_Ktuberling,一款為小朋友設計的語言學習遊戲,馬鈴薯小子_Ktuberling,Education;
anki.desktop,閃示卡記憶_Anki,可插入影音的快閃式字卡練習軟體,閃示卡記憶_Anki,Education;
parley.desktop,語言_Parley,英文字彙訓練的軟體,語言_Parley,Education;
klettres.desktop,語言_KLettres,字母與發音學習程式,語言_KLettres,Education;
kwordquiz.desktop,語言_KWordQuiz,可利用閃卡學習單字的軟體,語言_KWordQuiz,Education;
kanagram.desktop,語言_Kanagram,字母排序遊戲,語言_Kanagram,Education;
khangman.desktop,語言_KHangMan,單字記憶遊戲,語言_KHangMan,Education;
step.desktop,物理_Step,物理模擬軟體,物理_Step,Education;
OpticalRayTracer.desktop,物理光學_OpticalRayTracer,物理光學軟體,物理光學_OpticalRayTracer,Education;
marble.desktop,地理_Marble,學習地理、地圖瀏覽的軟體,地理_Marble,Education;
kgeography.desktop,地理_KGeography,學習地理、地圖瀏覽的軟體,地理_KGeography,Education;
googleearth.desktop,地球儀_Google Earth,結合衛星、圖資與GIS的地球儀軟體,地球儀_Google Earth,Education;
kstars.desktop,天文_KStars,顯示時間、天氣和地理位置的星相軟體,天文_KStars,Education;
stellarium.desktop,天文_Stellarium,即時顯示時間和所在位置的星座軟體,天文_Stellarium,Education;
celestia.desktop,天文_Celestia_gnome,可流暢地顯示高解析度影像的天文軟體,天文_Celestia_gnome,Education;
kbruch.desktop,數學_KBruch,學習計算與分數的軟體,數學_KBruch,Education;
kig.desktop,數學_Kig,用於描繪幾何結構的軟體,數學_Kig,Education;
drgeo.desktop,數學_Dr.Geo,尺規製圖的幾何數理軟體,數學_Dr.Geo,Education;
kmplot.desktop,數學_KmPlot,繪製數學函數的軟體,數學_KmPlot,Education;
geogebra.desktop,數學_GeoGebra,繪製幾何圖形的軟體,數學_GeoGebra,Education;
wxmaxima.desktop,數學_wxMaxima,用LISP編寫的計算機代數系統，用於公式推導和符號計算,數學_wxMaxima,Education;
kalgebra.desktop,數學_KAlgebra,圖形計算器,數學_KAlgebra,Education;
kayali.desktop,數學_Kayali,圖形介面之運算 (Maxima) 及繪圖 (GNUplot) 軟體,數學_Kayali,Education;
geometria.desktop,數學_geometria,繪製幾何圖形,數學_geometria,Education;
rocs.desktop,資料結構分析_Rocs,圖形理論資料結構分析工具,資料結構分析_Rocs,Education;
kalzium.desktop,化學_Kalzium,元素週期表軟體,化學_Kalzium,Education;
bkchem.desktop,化學_BKchem,平面化學分子的繪圖軟體,化學_BKchem,Education;
ghemical.desktop,化學_Ghemical,化學立體分子繪圖軟體,化學_Ghemical,Education;
avogadro.desktop,化學_Avogadro,化學立體分子繪圖軟體,化學_Avogadro,Education;
gchempaint-0.12.desktop,化學_GchemPaint,化學結構編輯軟體,化學_GchemPaint,Education;
pymol.desktop,生化_Pymol,立體分子繪圖及看圖軟體,生化_Pymol,Education;
ballview.desktop,生化_BALLView,3D分子建模生化軟體,生化_BALLView,Education;
#程式開發,,,,
scratch.desktop,程式設計_Scratch,一套圖形化程式設計軟體，適合8歲以上的中小學生作為學習程式設計的入門軟體,程式設計_Scratch,Development;
greenfoot.desktop,程式設計_Greenfoot,一套圖形化程式設計軟體，適合學習  JAVA 程式語言設計的入門軟體,程式設計_Greenfoot,Development;
alice.desktop,程式設計_Alice,圖形化 3D 動畫程式設計 ,程式設計_Alice,Development;
kturtle.desktop,程式設計_KTurtle,適合用於小朋友學習寫程式的入門軟體,程式設計_KTurtle,Development;
squeak.desktop,程式設計_Squeak,適合用於小朋友學習寫程式的入門軟體,程式設計_Squeak,Development;
geany.desktop,整合開發環境_Geany,多功能的整合開發環境編輯軟體,整合開發環境_Geany,Development;
#自由教材,,,,
openc.desktop,無限延伸的自由世界,自由內容、自由教材及公共版權的考題補給站相關介紹,自由教材網,Opencontent;
phet.desktop,動畫模擬教學_PhET,PhET包含了物理生物化學地球科學數學等100多個動畫模擬教學範例,動畫模擬教學_PhET,Opencontent;
usgs.desktop,地震動畫教學_USGS,這是美國地質調查局USGS所製作的地震動畫教學範例,地震動畫教學_USGS,Opencontent;
npa.desktop,物理動畫教學_Flash Animations for Physics,物理動畫教學適合國高中以上的物理課程，例如向量波力學等教學動畫,物理動畫教學_Flash Animations for Physics,Opencontent;
chemical_struct.desktop,化學構造資料庫_Chemical Structure,化學構造資料庫依照官能基將有機分子分類，適合高中及大學化學生物等課程,化學構造資料庫_Chemical Structure,Opencontent;
#教師工具,,,,
Open-Sankore.desktop,電子白板_Open Sankore,一套開放源碼互動式電子白板軟體,電子白板_Open Sankore,Tutorial;
jclic.desktop,教學設計_jClic,JClic 是一個電腦教學應用軟體，用於設計不同類型的教育活動，如拼圖，關聯，文字練習，填字遊戲等,教學設計_jClic,Tutorial;
jclicauthor.desktop,教學設計_jClic Author,JClic 是一個電腦教學應用軟體，用於設計不同類型的教育活動，如拼圖，關聯，文字練習，填字遊戲等,教學設計_jClic Author,Tutorial;
jclicreports.desktop,教學設計_jClic Report Server,JClic 是一個電腦教學應用軟體，用於設計不同類型的教育活動，如拼圖，關聯，文字練習，填字遊戲等,教學設計_jClic Report Server,Tutorial;
ardesia.desktop,桌面畫筆_Ardesia,可錄製桌面塗鴉的軟體,桌面畫筆_Ardesia,Tutorial;
curtain.desktop,布幕程式_Curtain,模擬背景，布幕的軟體,布幕程式_Curtain,Tutorial;
spotlighter.desktop,聚光燈_Spotlighter,顯示和移動聚光燈的軟體,聚光燈_Spotlighter,Tutorial;
easystroke.desktop,滑鼠手勢_Easystroke,可設定滑鼠手勢來執行電腦相關作業的軟體,滑鼠手勢_Easystroke,Tutorial;
qjoypad.desktop,搖桿模擬器_QJoyPad,將 USB 搖桿上的按鍵直接對映到鍵盤按鍵的軟體,搖桿模擬器_QJoyPad,Tutorial;
wiican.desktop,Wiimote設定_Wiican,Wiimote 連線及快速鍵設定的軟體,Wiimote設定_Wiican,Tutorial;
wminput.desktop,Wii 手把設定_Wminput,Ｗiimote 手把連線設定軟體,Wii 手把設定_Wminput,Tutorial;
samba.desktop,網路芳鄰_samba,快速設定網路芳鄰的程式,網路芳鄰_samba,Tutorial;
lampp.desktop,教學伺服器_lampp,可以讓你快速安裝教學伺服器的安裝程式,教學伺服器_lampp,Tutorial;
italc.desktop,螢幕廣播_iTALC,iTALC 是一個可以用於電腦教室螢幕廣播與監控的軟體,螢幕廣播_iTALC,Tutorial;
#附屬應用程式,,,,
kate.desktop,文字編輯_Kate,常用文字編輯軟體,文字編輯_Kate,Utility;
gvim.desktop,文字編輯_Gvim,vim 文字編輯器,文字編輯_Gvim,Utility;
knotes.desktop,螢幕便利貼_KNotes,在螢幕上貼便條,螢幕便利貼_KNotes,Utility;
kcalc.desktop,計算機_KCalc,KDE 上的計算機軟體,計算機_KCalc,Utility;
kmag.desktop,放大鏡_KMag,放大螢幕的某部份,放大鏡_KMag,Utility;
kvkbd.desktop,虛擬鍵盤_Kvkbd,可以呼叫出系統的虛擬鍵盤來使用,虛擬鍵盤_Kvkbd,Utility;
kmousetool.desktop,滑鼠工具_KMousetool,幫您重覆點擊避免手腕傷害,滑鼠工具_KMousetool,Utility;
synaptiks.desktop,觸控板設定_Synaptiks,筆電觸控版的管理程式,觸控板設定_Synaptiks,Utility;
ark.desktop,壓縮工具_Ark,可以壓縮和解壓縮的軟體,壓縮工具_Ark,Utility;
7zip.desktop,壓縮工具_7zip,跨平台壓縮和解壓縮的軟體，可以避免在解壓縮時，因為不同平台而出現中文檔名亂碼的問題,壓縮工具_7zip,Utility;
klipper.desktop,剪貼簿_Klipper,KDE 上強大的剪貼簿軟體,剪貼簿_Klipper,Utility;
akonaditray.desktop,系統工具_Akonaditray,系統工具管理程式,系統工具_Akonaditray,Utility;
tomboy.desktop,筆記_Tomboy,類似便利貼，可用來記事的軟體,筆記_Tomboy,Utility;
gedit.desktop,文字編輯_gedit,文字檔編輯軟體,文字編輯_gedit,Utility;
gnome-screenshot.desktop,螢幕截圖_screenshot,可將桌面或使用中的視窗截取為圖片的軟體,螢幕截圖_screenshot,Utility;
gcalctool.desktop,計算機_gcalctool,進行數字、科學或金融的計算,計算機_gcalctool,Utility;
convertall.desktop,單位換算_ConvertAll,單位換算軟體,單位換算_ConvertAll,Utility;
python-whiteboard.desktop,電子白板_Whiteboard,wiimote 白板用的定位軟體,電子白板_Whiteboard,Utility;
gnome-terminal.desktop,終端機_Terminal,使用命令列來執行相關作業,終端機_Terminal,Utility;
posterazor.desktop,分割列印_PosteRazor,可將大圖片或海報，分割各種尺寸的軟體,分割列印_PosteRazor,Utility;
simple-scan.desktop,簡易掃瞄_Simple Scan,用於掃描文件的軟體,簡易掃瞄_Simple Scan,Utility;
xsane.desktop,掃瞄器軟體_XSane,在Linux 下的支援多種掃瞄器驅動的軟體,掃瞄器軟體_XSane,Utility;
#ezgo工具箱,,,,
my_ezgo.desktop,我的 ezgo,可清楚的看到硬體、網路、可移除裝置及系統等相關資訊,我的 ezgo,myezgo;
ezgo_center.desktop,ezgo 服務中心,ezgo 相關服務連結,ezgo 服務中心,myezgo;
ezinstall.desktop,ezgo 軟體中心,可以新增移除 ezgo 特別整理的軟體,ezgo 軟體中心,myezgo;
media_install_force.desktop,安裝多媒體套件,安裝常用的多媒體套件，例如 Adobe Flash Player 等,安裝多媒體套件,myezgo;
update_ezgo.desktop,ezgo 更新程式,將 ezgo 進行程式更新,ezgo 更新程式,myezgo;
recover.desktop,使用者還原設定,還原使用者在 ezgo 下的環境設定,使用者還原設定,myezgo;
skel.desktop,還原 ezgo 初始設定,將您的 ezgo 還原至安裝時的初始設定,還原 ezgo 初始設定,myezgo;
#系統,,,,
freefilesync.desktop,檔案備份_FreeFileSync,很好用的檔案與資料夾同步備份軟體,檔案備份_FreeFileSync,System;
realtimesync.desktop,即時同步_RealTimeSync,很好用的檔案與資料夾同步備份軟體,即時同步_RealTimeSync,System;
muon-installer.desktop,Muon 軟體中心,用於新增移除軟體的軟體中心,Muon 軟體中心,System;
muon.desktop,Muon 套件管理員,用於新增移除軟體及程式套件的軟體中心,Muon 套件管理員,System;
usb-creator-gtk.desktop,開機碟製作_usb-creator-gtk,開機碟製作程式,開機碟製作_usb-creator-gtk,System;
usb-creator-kde.desktop,開機碟製作_usb-creator,開機碟製作程式,開機碟製作_usb-creator,System;
unetbootin.desktop,開機碟製作_UNetbootin,開機碟製作程式,開機碟製作_UNetbootin,System;
partitionmanager.desktop,磁碟分割_KDE Partition Manager,可以輕鬆的管理您的磁碟、分割區與檔案系統,磁碟分割_KDE Partition Manager,System;
konsole.desktop,終端機_Konsole,KDE 上的終端機模擬程式,終端機_Konsole,System;
dolphin.desktop,檔案總管_Dolphin,類似 Windows 下的檔案總管，可查看及管理資料夾中的檔案,檔案總管_Dolphin,"Utility;Qt;KDE;System;FileTools;FileManager;"
krandrtray.desktop,螢幕設定_KrandRTray,可調整螢幕大小及相關設定,螢幕設定_KrandRTray,System;
my-computer.desktop,系統資訊_My Computer,可清楚的看到硬體、網路、可移除裝置及系統等相關資訊,系統資訊_My Computer,System;
ksystemlog.desktop,系統紀錄_KsystemLog,完整的系統紀錄列表,系統紀錄_KsystemLog,System;
ksysguard.desktop,系統監視器_Ksysguard,顯示系統軟體執行現況,系統監視器_Ksysguard,System;
kinfocenter.desktop,硬體資訊_Kinfocenter,顯示硬體相關資訊,硬體資訊_Kinfocenter,System;
jockey-kde.desktop,額外驅動程式_jockey-kde,可以檢視及安裝額外的驅動程式,額外驅動程式_jockey-kde,System;
nepomukbackup.desktop,備份工具_Nepomuk Backup,系統備份工具,備份工具_Nepomuk Backup,System;
nepomukcontroller.desktop,備份工具_Nepomuk Controller,系統備份主控台,備份工具_Nepomuk Controller,System;
#設定,,,,
systemsettings.desktop,系統設定_System Settings,類似 Windows 下的控制台，可以進行 ezgo 各項系統環境設定,系統設定_System Settings,Settingsmenu;
hime-setup.desktop,輸入法設定_hime ,中文輸入法相關設定,輸入法設定_hime ,Settingsmenu;
qtconfig-qt4.desktop,Qt 4 設定_qtconfig-qt4,Qt 4 相關設定,Qt 4 設定_qtconfig-qt4,Settingsmenu;
xinput_calibrator.desktop,觸控螢幕設定_Calibrate Touchscreen,觸控螢幕相關設定,觸控螢幕設定_Calibrate Touchscreen,Settingsmenu;
#ezgomenu end,,,,
